[{"@type":"fwConfig","id":"@1","name":"Fixed-Width_emp","description":"","autoExpireObject":false,"lineSequential":true,"padBytes":0,"skipRows":0,"nullChar":"*","nullCharType":"ASCII","repeatNullChar":false,"stripTrailingBlank":false,"columns":[{"@type":"fwColumn","name":"EMP_ID","nativeType":"string","precision":10,"physicalLength":0,"scale":0},{"@type":"fwColumn","name":"EMP_NM","nativeType":"string","precision":10,"physicalLength":0,"scale":0},{"@type":"fwColumn","name":"STATUS","nativeType":"string","precision":5,"physicalLength":0,"scale":0},{"@type":"fwColumn","name":"SRC_CD","nativeType":"string","precision":10,"physicalLength":0,"scale":0},{"@type":"fwColumn","name":"CITY","nativeType":"string","precision":10,"physicalLength":0,"scale":0},{"@type":"fwColumn","name":"COUNTRY_CD","nativeType":"string","precision":10,"physicalLength":0,"scale":0},{"@type":"fwColumn","name":"UPDATE_DT","nativeType":"string","precision":8,"physicalLength":0,"scale":0}]}]