[{"@type":"mappingTemplate","id":"@1","name":"m_fixed_width","description":"","autoExpireObject":false,"bundleVersion":"0","assetFrsGuid":"7EZ7T2WacLVdic1FUwEVOl","templateId":"@3","hasParameters":false,"valid":true,"fixedConnection":true,"hasParametersDeployed":false,"fixedConnectionDeployed":false,"isSchemaValidationEnabled":false,"tasks":0,"mappingPreviewFileRecordId":"@2","documentType":"MAPPING","references":[{"@type":"reference","refObjectId":"@1mwo5VqaFQAhUSll9OOw0p","refType":"fwConfig"},{"@type":"reference","refObjectId":"@6TYk7saaxA9d1vNTcso3sC","refType":"connection"},{"@type":"reference","refObjectId":"@1d1yHk3FlLRlHPxIjo6amd","refType":"connection"}]}]