[{"@type":"mappingTemplate","id":"@1","name":"m_PM_STACK","description":"","autoExpireObject":false,"bundleVersion":"0","assetFrsGuid":"gRpFxKsd9mBfDrXdkFotQe","templateId":"@3","deployTime":1741602852000,"hasParameters":false,"valid":true,"fixedConnection":true,"hasParametersDeployed":false,"fixedConnectionDeployed":true,"isSchemaValidationEnabled":false,"tasks":1,"mappingPreviewFileRecordId":"@2","documentType":"MAPPING","references":[{"@type":"reference","refObjectId":"@6TYk7saaxA9d1vNTcso3sC","refType":"connection"},{"@type":"reference","refObjectId":"@biMmiztRFqUhBvubd1fdKk","refType":"connection"}]}]